,日期,成交股數,開盤價,最高價,最低價,收盤價,成交筆數
0,102/08/05,"79,511,177",14.7,18.0,14.5,17.75,"19,186"
1,102/08/06,"83,422,580",17.8,19.8,17.8,18.85,"21,806"
2,102/08/07,"38,064,386",18.7,18.8,17.15,17.35,"11,758"
3,102/08/08,"28,249,336",17.35,17.35,16.5,16.55,"8,100"
4,102/08/09,"36,551,280",16.55,16.55,15.65,15.9,"9,958"
5,102/08/12,"22,010,815",15.9,16.8,15.9,16.35,"6,429"
6,102/08/13,"17,925,078",16.45,16.55,15.8,16.15,"4,633"
7,102/08/14,"11,758,450",16.1,16.35,16.05,16.2,"2,988"
8,102/08/15,"8,778,250",16.05,16.1,15.8,15.95,"2,559"
9,102/08/16,"18,215,962",15.8,15.9,15.35,15.4,"5,084"
10,102/08/19,"15,936,185",15.3,16.1,14.95,16.0,"4,973"
11,102/08/20,"11,873,141",15.9,16.2,15.7,15.7,"3,615"
12,102/08/22,"5,654,000",15.65,15.8,15.4,15.6,"1,814"
13,102/08/23,"4,317,410",15.75,15.95,15.6,15.6,"1,538"
14,102/08/26,"13,018,191",15.65,16.1,15.45,15.7,"3,670"
15,102/08/27,"10,803,092",15.8,15.85,15.2,15.25,"3,639"
16,102/08/28,"15,020,785",15.05,15.9,15.05,15.7,"4,404"
17,102/08/29,"10,840,288",15.8,15.8,15.5,15.55,"3,128"
0,102/09/02,"24,620,931",16.55,16.95,16.4,16.85,"6,897"
1,102/09/03,"20,298,920",16.95,16.95,16.1,16.4,"6,151"
2,102/09/04,"18,606,000",16.4,16.95,16.4,16.8,"5,134"
3,102/09/05,"34,806,191",16.95,17.7,16.95,17.5,"9,292"
4,102/09/06,"30,542,947",17.5,17.95,17.2,17.9,"7,883"
5,102/09/09,"28,330,182",17.65,18.15,17.4,17.85,"7,227"
6,102/09/10,"16,739,842",18.0,18.0,17.7,17.7,"4,481"
7,102/09/11,"19,298,775",17.45,17.85,17.35,17.6,"5,473"
8,102/09/12,"11,235,321",17.6,17.8,17.4,17.55,"3,241"
9,102/09/13,"8,092,199",17.55,17.65,17.45,17.45,"2,673"
10,102/09/14,"10,169,241",17.45,17.55,17.1,17.1,"2,960"
11,102/09/16,"9,654,170",17.1,17.3,17.1,17.15,"2,733"
12,102/09/17,"14,759,668",17.2,17.75,17.2,17.55,"4,631"
13,102/09/18,"21,002,954",17.7,18.05,17.65,17.85,"5,894"
14,102/09/23,"14,078,845",17.95,18.0,17.8,17.9,"3,861"
15,102/09/24,"10,669,864",17.95,17.95,17.7,17.75,"2,931"
16,102/09/25,"11,789,049",17.75,17.9,17.4,17.65,"3,191"
17,102/09/26,"7,931,658",17.65,17.65,17.4,17.5,"2,546"
18,102/09/27,"7,883,700",17.55,17.8,17.5,17.6,"2,436"
0,102/10/01,"7,996,000",17.5,17.75,17.45,17.55,"2,110"
1,102/10/02,"8,455,070",17.6,17.75,17.55,17.65,"2,380"
2,102/10/03,"9,185,004",17.7,17.8,17.6,17.7,"2,616"
3,102/10/04,"10,052,850",17.7,17.75,17.5,17.55,"2,939"
4,102/10/07,"8,759,409",17.6,17.7,17.55,17.6,"2,477"
5,102/10/08,"43,327,268",17.7,18.45,17.6,18.2,"9,665"
6,102/10/09,"19,763,451",18.15,18.15,17.85,17.95,"5,971"
7,102/10/11,"13,142,132",18.1,18.2,17.8,17.8,"3,631"
8,102/10/14,"17,247,158",17.7,17.7,17.4,17.65,"4,873"
9,102/10/15,"19,162,000",17.7,18.1,17.6,17.85,"4,800"
10,102/10/16,"22,557,026",17.85,18.2,17.85,18.0,"5,135"
11,102/10/17,"16,616,688",18.1,18.25,18.0,18.05,"4,289"
12,102/10/18,"14,234,204",18.05,18.05,17.7,17.9,"4,702"
13,102/10/21,"15,565,860",17.85,17.85,17.55,17.55,"3,870"
14,102/10/22,"37,845,550",17.4,17.4,16.35,16.5,"10,715"
15,102/10/23,"24,000,350",16.25,16.95,16.25,16.8,"6,416"
16,102/10/24,"9,935,429",16.75,16.9,16.55,16.85,"3,101"
17,102/10/25,"15,360,291",16.8,17.15,16.8,17.1,"3,650"
18,102/10/28,"6,505,264",17.1,17.15,16.95,17.1,"2,129"
19,102/10/29,"5,614,355",17.05,17.05,16.8,16.85,"2,018"
20,102/10/30,"20,520,718",16.85,17.5,16.85,17.35,"5,303"
0,102/11/01,"23,180,918",18.0,18.1,17.55,17.7,"5,727"
1,102/11/04,"10,284,202",17.7,17.8,17.55,17.6,"2,880"
2,102/11/05,"20,711,178",17.7,18.0,17.65,17.8,"5,362"
3,102/11/06,"17,170,466",17.8,17.85,17.55,17.8,"4,004"
4,102/11/07,"15,348,020",17.8,17.85,17.65,17.85,"3,192"
5,102/11/08,"58,312,090",18.2,18.6,18.05,18.2,"11,222"
6,102/11/11,"20,929,725",18.2,18.25,17.8,17.95,"4,731"
7,102/11/12,"18,120,460",18.0,18.0,17.6,17.6,"4,612"
8,102/11/13,"12,839,127",17.6,17.7,17.5,17.6,"3,133"
9,102/11/14,"8,501,500",17.65,17.75,17.6,17.65,"2,506"
10,102/11/15,"10,350,337",17.7,17.75,17.55,17.65,"3,592"
11,102/11/18,"11,344,542",17.5,17.75,17.5,17.7,"3,457"
12,102/11/19,"8,774,000",17.7,17.75,17.6,17.65,"2,768"
13,102/11/20,"15,488,651",17.65,17.9,17.65,17.8,"3,801"
14,102/11/21,"9,166,350",17.85,17.9,17.65,17.7,"3,479"
15,102/11/22,"10,653,800",17.75,17.8,17.6,17.8,"3,076"
16,102/11/25,"29,592,000",17.8,18.05,17.65,18.0,"6,643"
17,102/11/26,"152,430,150",18.0,18.2,17.1,17.1,"14,508"
18,102/11/27,"35,939,400",17.35,17.55,17.25,17.3,"9,016"
19,102/11/28,"30,620,649",17.3,17.35,16.5,16.85,"8,947"
0,102/12/02,"12,999,145",16.85,17.0,16.6,16.6,"3,925"
1,102/12/03,"10,877,601",16.5,16.75,16.5,16.5,"3,938"
2,102/12/04,"8,471,500",16.5,16.65,16.5,16.55,"2,815"
3,102/12/05,"9,565,200",16.7,16.7,16.5,16.55,"2,447"
4,102/12/06,"7,908,200",16.55,16.6,16.4,16.5,"2,364"
5,102/12/09,"21,036,033",16.5,16.6,15.6,15.95,"6,539"
6,102/12/10,"9,852,160",15.85,16.15,15.8,16.1,"3,102"
7,102/12/11,"12,938,589",16.1,16.15,15.6,15.8,"4,235"
8,102/12/12,"14,085,498",15.65,15.7,15.35,15.45,"4,523"
9,102/12/13,"16,445,847",15.45,15.5,15.15,15.25,"4,464"
10,102/12/16,"10,479,978",15.25,15.3,15.0,15.3,"3,113"
11,102/12/17,"10,803,171",15.5,15.8,15.4,15.8,"3,666"
12,102/12/18,"7,692,500",15.9,15.95,15.55,15.6,"2,425"
13,102/12/19,"5,584,011",15.7,15.7,15.4,15.45,"1,738"
14,102/12/20,"5,145,550",15.45,15.6,15.45,15.55,"1,466"
15,102/12/23,"5,192,352",15.65,15.65,15.35,15.5,"1,729"
16,102/12/24,"4,079,752",15.35,15.5,15.35,15.35,"1,495"
17,102/12/25,"4,238,150",15.35,15.5,15.35,15.4,"1,381"
18,102/12/26,"5,096,700",15.4,15.45,15.3,15.3,"1,753"
19,102/12/27,"9,453,550",15.3,15.7,15.3,15.55,"3,075"
20,102/12/30,"7,393,505",15.6,15.65,15.55,15.65,"2,224"
0,103/01/02,"5,812,500",15.45,15.5,15.35,15.4,"1,551"
1,103/01/03,"4,920,251",15.4,15.55,15.35,15.45,"1,604"
2,103/01/06,"5,060,160",15.5,15.6,15.4,15.45,"1,645"
3,103/01/07,"4,882,150",15.45,15.45,15.35,15.35,"1,800"
4,103/01/08,"7,915,800",15.4,15.4,15.15,15.15,"2,871"
5,103/01/09,"9,318,323",15.15,15.25,15.05,15.15,"2,788"
6,103/01/10,"28,185,998",15.3,15.95,15.3,15.95,"8,255"
7,103/01/13,"12,253,122",15.9,15.95,15.5,15.5,"3,653"
8,103/01/14,"4,509,164",15.5,15.65,15.4,15.6,"1,567"
9,103/01/15,"5,929,773",15.6,15.7,15.45,15.45,"1,844"
10,103/01/16,"5,256,694",15.6,15.6,15.35,15.4,"1,453"
11,103/01/17,"6,139,640",15.35,15.5,15.25,15.25,"1,720"
12,103/01/20,"4,513,500",15.25,15.3,15.15,15.2,"1,523"
13,103/01/21,"5,768,332",15.2,15.3,15.15,15.25,"1,566"
14,103/01/22,"5,198,000",15.25,15.3,15.15,15.2,"1,813"
15,103/01/23,"4,248,555",15.25,15.25,15.1,15.1,"1,490"
16,103/01/24,"6,267,600",15.1,15.2,15.05,15.1,"1,770"
0,103/02/05,"10,758,310",14.6,14.7,14.35,14.35,"4,397"
1,103/02/06,"101,051,065",14.35,14.4,13.9,13.95,"5,881"
2,103/02/07,"22,104,498",14.2,14.4,14.2,14.3,"5,495"
3,103/02/10,"21,656,646",14.6,14.85,14.45,14.45,"5,737"
4,103/02/11,"24,668,963",14.5,14.75,14.45,14.65,"3,835"
5,103/02/12,"59,077,168",15.1,15.65,14.9,15.55,"12,755"
6,103/02/13,"24,924,917",15.35,15.35,14.9,15.15,"6,549"
7,103/02/14,"23,064,549",15.2,15.25,14.8,14.85,"4,240"
8,103/02/17,"6,409,126",14.9,14.95,14.8,14.85,"1,898"
9,103/02/18,"6,065,821",14.95,15.1,14.95,15.1,"2,080"
10,103/02/19,"6,976,400",15.2,15.2,14.9,14.95,"1,945"
11,103/02/20,"6,518,189",14.95,15.1,14.95,15.05,"1,725"
12,103/02/21,"8,164,600",15.1,15.2,15.0,15.15,"1,982"
13,103/02/24,"5,826,399",15.3,15.3,15.0,15.05,"1,516"
14,103/02/25,"4,825,909",15.1,15.1,14.9,14.95,"1,468"
15,103/02/26,"8,171,500",14.95,15.1,14.9,14.95,"1,971"
0,103/03/03,"9,221,200",15.0,15.0,14.7,14.7,"2,708"
1,103/03/04,"5,394,452",14.6,14.75,14.55,14.55,"1,711"
2,103/03/05,"5,905,115",14.65,14.75,14.55,14.55,"1,669"
3,103/03/06,"14,639,600",14.55,14.8,14.45,14.75,"2,380"
4,103/03/07,"6,066,200",14.85,14.85,14.6,14.6,"2,244"
5,103/03/10,"6,436,560",14.7,14.85,14.65,14.85,"2,050"
6,103/03/11,"4,914,750",14.85,14.85,14.65,14.65,"1,504"
7,103/03/12,"6,335,103",14.6,14.7,14.45,14.6,"1,607"
8,103/03/13,"5,191,690",14.65,14.65,14.5,14.5,"1,471"
9,103/03/14,"6,565,390",14.5,14.7,14.5,14.7,"1,734"
10,103/03/17,"4,424,501",14.85,14.85,14.65,14.8,"1,426"
11,103/03/18,"5,566,924",14.9,14.9,14.7,14.75,"1,575"
12,103/03/19,"6,020,185",14.8,14.8,14.55,14.55,"1,621"
13,103/03/20,"7,649,210",14.5,14.6,14.45,14.5,"2,140"
14,103/03/21,"15,777,981",14.55,14.55,14.35,14.5,"2,312"
15,103/03/24,"5,843,800",14.5,14.5,14.2,14.25,"1,761"
16,103/03/25,"5,192,657",14.2,14.45,14.2,14.4,"1,677"
17,103/03/26,"4,394,534",14.4,14.45,14.3,14.4,"1,433"
18,103/03/27,"5,529,366",14.4,14.4,14.3,14.35,"1,733"
19,103/03/28,"5,372,650",14.35,14.35,14.2,14.2,"1,578"
0,103/04/01,"4,207,254",14.3,14.35,14.25,14.3,"1,317"
1,103/04/02,"6,283,837",14.4,14.55,14.25,14.5,"1,801"
2,103/04/03,"8,443,743",14.6,14.7,14.4,14.45,"2,482"
3,103/04/07,"8,789,997",14.4,14.4,14.2,14.3,"3,231"
4,103/04/08,"4,599,800",14.2,14.3,14.2,14.2,"1,595"
5,103/04/09,"6,240,244",14.25,14.3,14.2,14.25,"1,838"
6,103/04/10,"5,160,938",14.25,14.35,14.2,14.3,"1,364"
7,103/04/11,"4,801,550",14.2,14.3,14.2,14.25,"1,401"
8,103/04/14,"4,416,831",14.25,14.3,14.1,14.1,"1,221"
9,103/04/15,"4,502,600",14.1,14.2,14.1,14.15,"1,130"
10,103/04/16,"4,711,357",14.2,14.3,14.1,14.2,"1,517"
11,103/04/17,"2,295,977",14.2,14.3,14.15,14.2,"1,221"
12,103/04/18,"4,722,863",14.25,14.3,14.05,14.1,"1,256"
13,103/04/21,"3,183,532",14.15,14.2,14.15,14.15,733
14,103/04/22,"19,510,823",14.2,15.0,14.15,14.8,"5,046"
15,103/04/23,"13,549,768",14.95,15.0,14.5,14.5,"3,476"
16,103/04/24,"13,256,727",14.4,14.8,14.35,14.65,"3,087"
17,103/04/25,"10,738,780",14.65,14.65,14.15,14.25,"2,458"
18,103/04/28,"6,815,607",14.1,14.25,14.0,14.2,"1,633"
19,103/04/29,"18,419,299",14.5,14.95,14.5,14.7,"4,981"
0,103/05/02,"26,555,773",14.55,15.2,14.5,15.1,"5,622"
1,103/05/05,"57,270,494",15.7,16.15,15.65,15.95,"12,923"
2,103/05/06,"42,789,676",16.1,16.4,15.75,16.1,"10,445"
3,103/05/07,"51,505,927",16.0,17.0,15.8,16.75,"13,570"
4,103/05/08,"103,025,134",17.5,17.9,17.2,17.9,"23,447"
5,103/05/09,"212,830,232",18.2,18.75,16.65,17.15,"48,169"
6,103/05/12,"40,908,579",17.3,17.65,17.1,17.1,"10,430"
7,103/05/13,"41,853,933",17.35,17.4,16.5,16.6,"10,149"
8,103/05/14,"16,301,182",16.7,16.8,16.55,16.6,"4,424"
9,103/05/15,"23,099,048",16.6,17.2,16.5,16.85,"6,337"
10,103/05/16,"37,585,501",17.0,17.45,16.8,17.35,"8,299"
11,103/05/19,"25,816,539",17.4,17.4,17.0,17.0,"5,981"
12,103/05/20,"18,347,701",17.1,17.15,16.8,16.95,"4,117"
13,103/05/21,"18,924,199",16.95,17.35,16.9,17.05,"4,948"
14,103/05/22,"12,849,185",17.15,17.2,17.0,17.1,"3,033"
15,103/05/23,"15,466,072",17.2,17.25,17.0,17.2,"3,133"
16,103/05/26,"54,889,815",17.6,18.2,17.55,17.85,"12,364"
17,103/05/27,"132,381,369",19.05,19.05,18.0,18.05,"28,796"
18,103/05/28,"45,030,383",18.1,18.15,17.55,17.65,"11,550"
19,103/05/29,"24,391,918",17.65,17.95,17.55,17.65,"6,734"
0,103/06/03,"15,979,736",17.85,17.95,17.55,17.6,"3,677"
1,103/06/04,"20,987,002",17.6,17.7,17.25,17.3,"5,250"
2,103/06/05,"27,108,499",17.25,17.25,16.8,16.8,"7,331"
3,103/06/06,"9,772,202",16.85,17.0,16.85,16.95,"2,855"
4,103/06/09,"10,975,211",16.95,17.0,16.65,16.75,"2,970"
5,103/06/10,"26,983,215",16.8,17.35,16.8,17.15,"5,861"
6,103/06/11,"10,700,801",17.15,17.25,16.95,17.0,"2,807"
7,103/06/12,"18,125,061",17.0,17.45,16.8,17.2,"5,126"
8,103/06/13,"6,318,552",17.2,17.35,17.05,17.2,"1,890"
9,103/06/16,"7,551,982",17.3,17.35,17.05,17.05,"2,034"
10,103/06/17,"6,675,906",17.05,17.1,17.0,17.0,"1,846"
11,103/06/18,"9,608,700",17.0,17.15,16.85,16.9,"2,915"
12,103/06/19,"11,449,504",17.2,17.25,17.0,17.0,"2,772"
13,103/06/20,"8,029,500",17.15,17.15,16.95,17.1,"2,112"
14,103/06/23,"37,781,090",17.2,17.65,17.15,17.2,"9,302"
15,103/06/24,"11,891,795",17.3,17.4,17.05,17.15,"3,531"
16,103/06/25,"31,079,327",17.1,17.7,17.05,17.5,"7,751"
17,103/06/26,"34,706,868",17.6,17.9,17.6,17.6,"8,953"
18,103/06/27,"21,072,485",17.65,17.95,17.6,17.7,"5,395"
0,103/07/01,"68,508,752",18.1,18.6,18.0,18.3,"13,801"
1,103/07/02,"63,166,745",18.5,18.6,17.9,18.3,"13,383"
2,103/07/03,"29,088,739",18.3,18.45,18.1,18.1,"6,765"
3,103/07/04,"18,581,892",18.2,18.25,18.0,18.0,"4,276"
4,103/07/07,"19,199,751",18.1,18.15,17.85,17.95,"3,974"
5,103/07/08,"23,783,691",18.0,18.2,17.9,18.05,"5,355"
6,103/07/09,"22,151,717",17.85,18.0,17.8,17.85,"5,085"
7,103/07/10,"13,530,560",18.0,18.0,17.85,17.9,"3,146"
8,103/07/11,"19,909,353",17.9,17.95,17.6,17.85,"4,694"
9,103/07/14,"72,661,699",18.0,18.9,18.0,18.45,"13,581"
10,103/07/15,"45,083,149",18.6,18.7,18.35,18.4,"9,146"
11,103/07/16,"22,833,960",18.4,18.4,18.0,18.05,"5,442"
12,103/07/17,"13,057,123",18.1,18.2,18.05,18.15,"3,382"
13,103/07/18,"10,542,782",18.0,18.2,17.95,18.1,"2,721"
14,103/07/21,"16,248,495",18.25,18.45,18.2,18.2,"3,832"
15,103/07/22,"9,545,056",18.3,18.3,18.2,18.25,"2,643"
16,103/07/24,"10,217,757",18.3,18.35,18.15,18.2,"2,619"
17,103/07/25,"13,670,240",18.3,18.3,18.2,18.3,"3,101"
18,103/07/28,"10,754,927",18.3,18.3,18.1,18.15,"2,461"
19,103/07/29,"15,981,303",18.15,18.25,17.9,17.95,"4,622"
20,103/07/30,"8,790,757",18.0,18.1,17.95,17.95,"2,534"
0,103/08/01,"11,197,223",17.6,17.9,17.6,17.9,"2,887"
1,103/08/04,"23,950,901",18.0,18.35,17.9,18.35,"4,085"
2,103/08/05,"40,521,992",18.5,18.7,18.2,18.2,"9,071"
3,103/08/06,"15,562,300",18.2,18.4,18.1,18.25,"3,482"
4,103/08/07,"10,369,196",18.35,18.35,18.1,18.1,"2,389"
5,103/08/08,"13,234,540",18.1,18.2,18.0,18.2,"3,079"
6,103/08/11,"22,836,000",18.25,18.25,18.0,18.05,"3,287"
7,103/08/12,"10,683,626",18.05,18.15,17.95,18.1,"2,631"
8,103/08/13,"12,720,625",18.15,18.2,18.05,18.2,"2,956"
9,103/08/14,"15,297,031",18.25,18.45,18.2,18.2,"3,289"
10,103/08/15,"13,391,556",18.25,18.4,18.2,18.4,"3,398"
11,103/08/18,"72,715,121",18.5,19.3,18.45,19.0,"13,952"
12,103/08/19,"27,506,942",19.25,19.25,18.8,18.9,"6,388"
13,103/08/20,"36,940,316",19.0,19.45,19.0,19.25,"8,701"
14,103/08/21,"65,029,390",19.3,19.65,18.8,18.95,"11,560"
15,103/08/22,"16,727,044",19.0,19.25,19.0,19.1,"4,028"
16,103/08/25,"16,984,722",19.1,19.15,18.85,18.9,"3,535"
17,103/08/26,"24,841,872",18.95,19.15,18.8,19.05,"4,711"
18,103/08/27,"15,385,561",19.15,19.2,18.9,19.0,"3,720"
19,103/08/28,"10,657,000",19.0,19.05,18.9,19.0,"2,348"
0,103/09/01,"17,911,253",19.3,19.35,19.05,19.05,"3,664"
1,103/09/02,"22,873,505",19.0,19.0,18.7,18.75,"5,215"
2,103/09/03,"13,021,871",18.75,18.75,18.55,18.7,"3,205"
3,103/09/04,"8,876,162",18.7,18.7,18.5,18.6,"2,496"
4,103/09/05,"5,661,419",18.6,18.7,18.55,18.7,"1,646"
5,103/09/09,"6,491,851",18.8,18.85,18.6,18.65,"1,618"
6,103/09/10,"9,780,954",18.65,18.65,18.4,18.55,"2,604"
7,103/09/11,"4,691,865",18.65,18.65,18.5,18.5,"1,425"
8,103/09/12,"11,453,007",18.5,18.55,18.3,18.5,"2,590"
9,103/09/15,"5,354,601",18.4,18.6,18.35,18.4,"1,393"
10,103/09/16,"12,074,060",18.4,18.45,17.9,18.15,"2,813"
11,103/09/17,"6,027,670",18.2,18.4,18.2,18.25,"2,126"
12,103/09/18,"4,868,594",18.4,18.4,18.15,18.15,"1,303"
13,103/09/19,"11,469,681",18.25,18.45,18.15,18.2,"1,614"
14,103/09/22,"8,029,618",18.15,18.15,17.95,18.0,"2,531"
15,103/09/23,"7,432,300",18.0,18.1,17.85,17.85,"2,128"
16,103/09/24,"5,560,430",17.8,17.95,17.8,17.8,"1,777"
17,103/09/25,"10,354,947",17.85,17.95,17.4,17.45,"3,138"
18,103/09/26,"23,652,201",17.7,18.5,17.6,18.05,"6,221"
19,103/09/29,"10,022,593",18.0,18.15,17.75,17.8,"2,994"
0,103/10/01,"5,974,698",17.7,17.9,17.6,17.7,"2,004"
1,103/10/02,"4,749,856",17.6,17.85,17.6,17.7,"1,741"
2,103/10/03,"4,833,023",17.75,17.95,17.75,17.9,"1,675"
3,103/10/06,"3,292,085",18.0,18.0,17.75,17.75,"1,427"
4,103/10/07,"4,307,715",17.65,17.75,17.6,17.65,"1,554"
5,103/10/08,"5,429,294",17.65,17.8,17.6,17.6,"1,948"
6,103/10/09,"4,797,540",17.75,17.75,17.55,17.65,"1,555"
7,103/10/13,"10,690,309",17.5,17.55,17.1,17.1,"2,871"
8,103/10/14,"6,567,110",17.05,17.3,17.05,17.25,"1,906"
9,103/10/15,"9,413,424",17.2,17.25,17.0,17.15,"2,417"
10,103/10/16,"10,443,156",16.9,17.05,16.7,17.0,"2,963"
11,103/10/17,"17,822,777",17.05,17.3,16.85,17.2,"3,933"
12,103/10/20,"5,274,243",17.3,17.35,17.2,17.2,"1,665"
13,103/10/21,"2,929,741",17.2,17.25,17.0,17.0,"1,042"
14,103/10/22,"3,173,701",17.2,17.2,17.05,17.05,950
15,103/10/23,"18,016,610",17.35,18.1,17.35,17.8,"5,419"
16,103/10/24,"6,438,461",17.95,18.0,17.6,17.65,"2,174"
17,103/10/27,"5,733,092",17.7,17.85,17.45,17.5,"1,551"
18,103/10/28,"5,532,871",17.75,17.8,17.65,17.8,"2,161"
19,103/10/29,"5,449,141",17.9,17.9,17.75,17.85,"1,723"
20,103/10/30,"3,566,500",17.9,17.9,17.75,17.85,"1,031"
0,103/11/03,"4,472,378",18.0,18.1,17.9,18.0,"1,366"
1,103/11/04,"2,945,803",18.0,18.0,17.85,17.85,"1,062"
2,103/11/05,"2,803,673",17.85,17.9,17.8,17.85,825
3,103/11/06,"3,295,501",17.8,17.9,17.7,17.7,964
4,103/11/07,"6,538,140",17.75,18.2,17.75,18.0,"1,656"
5,103/11/10,"9,810,830",18.05,18.3,18.05,18.15,"2,801"
6,103/11/11,"3,498,100",18.15,18.2,18.05,18.05,"1,279"
7,103/11/12,"5,377,056",18.05,18.3,18.0,18.0,"1,625"
8,103/11/13,"3,095,060",18.1,18.1,17.85,17.9,"1,015"
9,103/11/14,"5,057,316",18.0,18.1,17.85,17.85,"1,141"
10,103/11/17,"6,727,000",18.1,18.2,17.8,17.85,"1,739"
11,103/11/18,"6,206,389",18.0,18.05,17.75,17.85,"1,749"
12,103/11/19,"4,204,400",18.0,18.0,17.85,17.95,"1,160"
13,103/11/20,"4,054,738",18.0,18.1,17.9,18.0,"1,185"
14,103/11/21,"3,170,600",18.0,18.0,17.9,17.95,832
15,103/11/24,"15,944,010",18.0,18.45,18.0,18.2,"3,610"
16,103/11/25,"5,980,912",18.3,18.3,18.1,18.2,"1,459"
17,103/11/26,"4,504,692",18.15,18.2,18.0,18.0,"1,351"
18,103/11/27,"5,634,780",18.1,18.1,17.9,17.95,"1,425"
0,103/12/01,"6,833,098",17.5,17.85,17.4,17.8,"2,150"
1,103/12/02,"5,194,505",17.8,17.85,17.6,17.7,"2,078"
2,103/12/03,"8,871,863",17.8,18.05,17.7,18.05,"2,185"
3,103/12/04,"7,639,004",18.2,18.3,18.0,18.0,"1,844"
4,103/12/05,"5,067,603",18.0,18.1,17.85,17.85,"1,467"
5,103/12/08,"6,005,383",18.05,18.2,17.95,18.05,"1,442"
6,103/12/09,"6,902,030",18.2,18.2,17.95,17.95,"1,723"
7,103/12/10,"5,036,621",18.0,18.05,17.8,17.8,"1,711"
8,103/12/11,"3,292,886",17.8,17.95,17.7,17.75,"1,188"
9,103/12/12,"3,955,859",17.9,17.95,17.75,17.75,"1,312"
10,103/12/15,"3,678,571",17.65,17.8,17.6,17.7,"1,398"
11,103/12/16,"7,671,100",17.6,17.8,17.5,17.5,"2,297"
12,103/12/17,"7,541,390",17.5,17.6,17.3,17.3,"2,474"
13,103/12/18,"12,953,514",17.4,17.5,17.1,17.25,"3,406"
14,103/12/19,"11,143,100",17.25,17.45,17.05,17.2,"2,629"
15,103/12/22,"9,767,502",17.2,17.5,17.2,17.45,"2,269"
16,103/12/23,"10,415,082",17.6,17.9,17.5,17.85,"3,056"
17,103/12/24,"9,987,604",18.0,18.0,17.6,17.65,"2,794"
18,103/12/25,"5,164,935",17.6,17.7,17.5,17.6,"1,370"
19,103/12/26,"8,607,338",17.5,17.6,17.35,17.35,"2,439"
20,103/12/27,"3,172,726",17.35,17.5,17.3,17.4,981
21,103/12/29,"4,945,999",17.45,17.6,17.45,17.45,"1,932"
22,103/12/30,"3,260,856",17.5,17.65,17.5,17.5,"1,212"
0,104/01/05,"4,007,015",17.45,17.45,17.3,17.4,"1,445"
1,104/01/06,"8,383,566",17.2,17.3,17.05,17.05,"3,035"
2,104/01/07,"6,555,128",17.05,17.2,17.0,17.05,"2,238"
3,104/01/08,"4,214,401",17.2,17.2,17.05,17.15,"1,338"
4,104/01/09,"4,256,000",17.2,17.25,17.1,17.2,"1,117"
5,104/01/12,"7,234,300",17.2,17.2,16.95,16.95,"1,988"
6,104/01/13,"4,927,852",16.9,17.1,16.9,17.0,"1,417"
7,104/01/14,"4,179,808",17.0,17.05,16.95,16.95,"1,478"
8,104/01/15,"5,369,020",16.95,17.0,16.8,16.85,"1,604"
9,104/01/16,"8,387,325",16.8,16.9,16.65,16.65,"2,625"
10,104/01/19,"8,973,715",15.5,15.5,15.5,15.5,"1,996"
11,104/01/20,"52,674,129",14.6,15.35,14.6,15.1,"10,221"
12,104/01/21,"15,008,247",15.0,15.05,14.85,15.0,"4,018"
13,104/01/22,"18,221,573",14.9,15.4,14.85,15.3,"4,601"
14,104/01/23,"9,646,951",15.4,15.5,15.3,15.4,"2,799"
15,104/01/26,"7,930,518",15.3,15.4,15.05,15.15,"1,767"
16,104/01/27,"4,550,701",15.2,15.25,15.1,15.25,"1,459"
17,104/01/28,"3,825,216",15.2,15.3,15.15,15.25,"1,130"
18,104/01/29,"16,055,002",14.9,15.2,14.8,15.2,"2,106"
0,104/02/02,"3,901,900",15.1,15.2,15.05,15.1,939
1,104/02/03,"9,044,181",15.1,15.55,15.1,15.4,"2,527"
2,104/02/04,"7,393,554",15.45,15.5,15.1,15.25,"2,110"
3,104/02/05,"3,115,717",15.1,15.25,15.1,15.25,831
4,104/02/06,"2,540,503",15.25,15.25,15.1,15.25,858
5,104/02/09,"2,496,600",15.25,15.25,15.1,15.15,699
6,104/02/10,"4,343,000",15.1,15.25,15.1,15.1,"1,138"
7,104/02/11,"4,851,207",15.05,15.15,15.0,15.0,"1,392"
8,104/02/12,"2,620,550",15.0,15.1,15.0,15.1,766
9,104/02/13,"3,558,632",15.1,15.2,15.1,15.15,"1,016"
10,104/02/24,"5,396,923",15.1,15.3,15.1,15.3,"1,859"
11,104/02/25,"4,166,579",15.3,15.35,15.2,15.35,"1,177"
0,104/03/02,"5,303,392",15.25,15.3,15.1,15.15,"1,357"
1,104/03/03,"4,231,301",15.15,15.2,15.05,15.05,"1,069"
2,104/03/04,"4,006,000",15.05,15.1,15.0,15.0,"1,172"
3,104/03/05,"3,087,362",15.0,15.1,15.0,15.0,"1,061"
4,104/03/06,"10,173,960",15.0,15.05,14.8,14.9,"2,647"
5,104/03/09,"7,220,545",14.8,14.85,14.7,14.7,"2,295"
6,104/03/10,"4,018,100",14.7,14.85,14.7,14.7,"1,390"
7,104/03/11,"7,560,688",14.7,14.7,14.5,14.5,"2,644"
8,104/03/12,"11,377,529",14.5,14.5,14.25,14.25,"3,142"
9,104/03/13,"8,511,234",14.3,14.65,14.25,14.5,"2,259"
10,104/03/16,"4,305,647",14.6,14.65,14.5,14.5,"1,178"
11,104/03/17,"3,899,429",14.6,14.65,14.3,14.35,"1,226"
12,104/03/18,"4,661,923",14.35,14.5,14.3,14.35,"1,710"
13,104/03/19,"4,664,132",14.35,14.5,14.35,14.4,"1,350"
14,104/03/20,"13,798,548",14.45,15.0,14.4,15.0,"3,583"
15,104/03/23,"6,324,461",15.0,15.05,14.7,14.7,"1,799"
16,104/03/24,"6,770,500",14.55,14.6,14.5,14.5,"1,947"
17,104/03/25,"3,468,958",14.5,14.6,14.4,14.4,945
18,104/03/26,"5,400,466",14.3,14.6,14.25,14.55,"1,444"
19,104/03/27,"3,787,861",14.6,14.65,14.4,14.45,"1,095"
20,104/03/30,"3,442,189",14.45,14.45,14.3,14.3,"1,484"
0,104/04/01,"10,727,100",14.2,14.3,14.0,14.05,"2,911"
1,104/04/02,"4,261,753",14.05,14.2,14.05,14.15,"1,351"
2,104/04/07,"3,680,412",14.15,14.2,14.0,14.0,"1,275"
3,104/04/08,"4,571,900",14.05,14.1,14.0,14.1,"1,600"
4,104/04/09,"5,509,763",14.0,14.15,13.95,13.95,"1,613"
5,104/04/10,"9,256,199",14.0,14.0,13.6,13.65,"2,800"
6,104/04/13,"3,797,504",13.65,13.95,13.65,13.95,"1,319"
7,104/04/14,"4,737,250",13.95,14.15,13.9,14.15,"1,433"
8,104/04/15,"5,441,077",14.1,14.15,13.8,13.85,"2,054"
9,104/04/16,"3,384,087",13.95,14.0,13.85,14.0,945
10,104/04/17,"1,919,318",14.0,14.0,13.85,13.85,626
11,104/04/20,"3,815,990",13.8,13.8,13.65,13.65,"1,264"
12,104/04/21,"8,050,719",13.75,13.75,13.3,13.3,"2,561"
13,104/04/22,"12,264,701",13.2,13.3,12.65,12.8,"3,560"
14,104/04/23,"8,283,626",12.8,12.95,12.65,12.8,"2,760"
15,104/04/24,"8,378,455",12.85,13.3,12.85,13.2,"3,110"
16,104/04/27,"6,895,131",13.2,13.3,12.9,13.05,"1,816"
17,104/04/28,"5,591,275",13.2,13.4,13.1,13.25,"2,081"
18,104/04/29,"4,381,911",13.25,13.35,13.15,13.15,"1,665"
0,104/05/04,"2,552,223",13.3,13.3,13.1,13.1,979
1,104/05/05,"3,690,642",13.1,13.1,12.8,12.9,"1,188"
2,104/05/06,"3,360,203",12.8,13.15,12.75,13.05,"1,244"
3,104/05/07,"2,218,582",13.05,13.05,12.85,12.9,788
4,104/05/08,"2,670,254",12.9,13.0,12.75,12.85,"1,022"
5,104/05/11,"10,857,501",12.9,12.95,12.05,12.1,"2,661"
6,104/05/12,"6,246,127",12.1,12.4,12.0,12.35,"1,821"
7,104/05/13,"5,225,222",12.8,12.8,12.4,12.5,"1,414"
8,104/05/14,"4,297,031",12.55,12.6,12.15,12.3,"1,554"
9,104/05/15,"4,548,271",12.3,12.3,12.05,12.15,"1,313"
10,104/05/18,"3,428,966",12.15,12.2,12.05,12.1,918
11,104/05/19,"3,066,404",12.1,12.35,12.1,12.2,"1,061"
12,104/05/20,"3,598,500",12.2,12.35,12.2,12.2,"1,308"
13,104/05/21,"4,502,378",12.15,12.2,12.0,12.1,"1,780"
14,104/05/22,"2,275,675",12.1,12.2,12.1,12.1,730
15,104/05/25,"7,024,910",12.1,12.65,12.05,12.6,"1,878"
16,104/05/26,"3,958,203",12.65,12.7,12.35,12.4,"1,178"
17,104/05/27,"2,891,001",12.35,12.5,12.3,12.4,903
18,104/05/28,"5,318,668",12.5,12.5,12.25,12.25,"1,327"
0,104/06/01,"4,867,704",12.5,12.55,12.25,12.25,"1,463"
1,104/06/02,"2,528,226",12.2,12.3,12.15,12.2,"1,206"
2,104/06/03,"3,551,497",12.25,12.3,12.05,12.05,"1,225"
3,104/06/04,"9,383,127",12.05,12.2,11.7,11.75,"2,918"
4,104/06/05,"8,400,179",11.75,11.85,11.25,11.3,"2,525"
5,104/06/08,"13,620,290",11.3,11.3,10.3,10.55,"3,398"
6,104/06/09,"12,391,674",10.45,10.5,10.0,10.0,"2,941"
7,104/06/10,"4,862,134",10.0,10.35,10.0,10.3,"1,537"
8,104/06/11,"3,882,014",10.35,10.4,10.2,10.35,"1,150"
9,104/06/12,"2,417,679",10.35,10.4,10.25,10.3,902
10,104/06/15,"2,180,522",10.35,10.35,10.2,10.2,990
11,104/06/16,"3,217,728",10.35,10.4,10.1,10.15,"1,120"
12,104/06/17,"3,708,766",10.2,10.25,10.05,10.1,"1,822"
13,104/06/18,"6,794,150",10.1,10.3,10.0,10.15,"1,595"
14,104/06/22,"6,735,636",10.3,11.15,10.3,11.15,"1,416"
15,104/06/23,"14,523,236",11.6,12.25,11.6,12.25,"3,503"
16,104/06/24,"34,291,978",12.5,12.9,11.6,11.75,"8,281"
17,104/06/25,"21,925,566",11.8,12.7,11.75,12.6,"5,576"
18,104/06/26,"10,717,429",12.6,12.65,12.25,12.3,"2,703"
19,104/06/29,"7,672,800",12.0,12.15,11.7,11.7,"2,318"
0,104/07/01,"8,336,358",12.4,12.55,12.15,12.2,"2,264"
1,104/07/02,"5,729,350",12.5,12.5,12.2,12.4,"1,779"
2,104/07/03,"3,658,116",12.3,12.4,12.1,12.15,"1,465"
3,104/07/06,"5,077,049",11.9,12.1,11.85,11.85,"1,269"
4,104/07/07,"3,039,180",11.95,12.05,11.8,11.95,967
5,104/07/08,"7,755,146",11.9,11.9,11.25,11.35,"2,118"
6,104/07/09,"15,633,500",11.55,11.9,11.5,11.5,"3,353"
7,104/07/13,"5,934,745",11.8,11.8,11.5,11.5,"1,563"
8,104/07/14,"8,352,549",11.7,12.1,11.65,11.75,"1,998"
9,104/07/15,"3,721,400",11.85,11.85,11.55,11.75,"1,156"
10,104/07/16,"1,710,009",11.75,11.75,11.6,11.75,630
11,104/07/17,"3,184,140",11.75,11.8,11.5,11.6,829
12,104/07/20,"4,660,012",11.7,11.75,11.3,11.3,"1,056"
13,104/07/21,"2,989,952",11.3,11.4,11.15,11.2,916
14,104/07/22,"3,177,419",11.1,11.3,11.0,11.0,"1,040"
15,104/07/23,"3,356,323",11.05,11.2,11.0,11.2,982
16,104/07/24,"1,981,600",11.3,11.3,11.05,11.15,621
17,104/07/27,"5,010,158",11.15,11.15,10.8,10.8,"1,339"
18,104/07/28,"4,775,065",10.65,10.9,10.6,10.7,"1,668"
19,104/07/29,"3,727,685",10.65,10.75,10.5,10.55,"1,152"
20,104/07/30,"3,451,239",10.6,10.85,10.55,10.6,"1,089"
0,104/08/03,"4,647,000",10.55,10.55,10.2,10.35,"1,533"
1,104/08/04,"2,891,750",10.4,10.45,10.2,10.35,913
2,104/08/05,"4,226,000",10.35,10.5,10.3,10.35,989
3,104/08/06,"4,310,366",10.4,10.45,10.15,10.15,"1,347"
4,104/08/07,"5,265,479",10.05,10.2,10.0,10.1,"1,308"
5,104/08/10,"4,793,869",10.2,10.2,10.0,10.1,"1,073"
6,104/08/11,"5,193,614",10.2,10.3,10.0,10.0,"1,672"
7,104/08/12,"4,255,859",10.0,10.15,10.0,10.05,"1,129"
8,104/08/13,"3,823,080",10.05,10.1,10.0,10.0,"1,187"
9,104/08/14,"5,506,421",10.05,10.05,9.85,9.88,"1,562"
10,104/08/17,"7,940,579",9.92,9.92,9.28,9.32,"2,191"
11,104/08/18,"3,591,000",9.35,9.48,9.3,9.31,"1,186"
12,104/08/19,"6,439,583",9.31,9.37,8.81,8.92,"2,154"
13,104/08/20,"5,177,640",8.94,9.14,8.9,9.0,"1,549"
14,104/08/21,"6,884,973",9.0,9.2,8.95,8.95,"1,927"
15,104/08/24,"9,483,705",8.81,8.86,8.09,8.15,"2,931"
16,104/08/25,"8,045,124",8.0,8.55,7.97,8.38,"2,442"
17,104/08/26,"6,462,887",8.3,8.3,8.07,8.22,"1,861"
18,104/08/27,"9,965,907",8.3,8.66,8.12,8.5,"2,752"
19,104/08/28,"11,270,038",8.9,8.96,8.67,8.9,"2,113"
0,104/09/01,"5,921,373",8.89,8.89,8.67,8.68,"2,118"
1,104/09/02,"7,525,976",8.64,8.64,8.46,8.53,"2,845"
2,104/09/03,"6,385,800",8.53,8.73,8.5,8.65,"2,825"
3,104/09/04,"5,626,442",8.62,8.74,8.6,8.6,"2,385"
4,104/09/07,"3,837,147",8.72,8.78,8.62,8.75,"1,173"
5,104/09/08,"3,665,250",8.83,8.94,8.73,8.9,"1,230"
6,104/09/09,"7,829,877",9.14,9.42,9.03,9.32,"2,394"
7,104/09/10,"12,679,832",9.32,10.2,9.17,10.1,"3,450"
8,104/09/11,"9,721,600",10.05,10.35,9.99,10.05,"2,447"
9,104/09/14,"5,691,301",10.05,10.15,9.8,9.97,"1,636"
10,104/09/15,"2,917,104",10.0,10.0,9.87,10.0,"1,076"
11,104/09/16,"3,013,220",10.05,10.1,9.91,9.95,948
12,104/09/17,"4,127,899",10.05,10.15,9.98,10.05,"1,550"
13,104/09/18,"4,965,870",10.05,10.2,9.99,10.05,957
14,104/09/21,"3,179,996",9.99,9.99,9.87,9.91,"1,103"
15,104/09/22,"2,552,921",9.95,9.99,9.87,9.88,782
16,104/09/23,"4,758,662",9.82,9.83,9.52,9.54,"1,583"
17,104/09/24,"3,185,139",9.56,9.7,9.42,9.45,"1,132"
18,104/09/25,"2,441,503",9.46,9.52,9.31,9.49,846
0,104/10/01,"4,724,386",9.58,10.05,9.54,9.93,"1,427"
1,104/10/02,"8,570,504",9.94,10.35,9.66,10.1,"2,420"
2,104/10/05,"3,612,112",10.3,10.35,10.05,10.1,"1,186"
3,104/10/06,"5,123,009",10.2,10.25,9.99,9.99,"1,511"
4,104/10/07,"4,804,566",10.05,10.1,9.99,10.1,"1,259"
5,104/10/08,"3,653,500",10.1,10.15,9.99,10.1,904
6,104/10/12,"3,829,998",10.15,10.2,10.05,10.15,"1,212"
7,104/10/13,"5,000,676",10.15,10.35,10.1,10.35,"1,440"
8,104/10/14,"8,124,049",10.4,10.75,10.4,10.65,"2,533"
9,104/10/15,"6,769,000",10.75,10.85,10.45,10.55,"2,013"
10,104/10/16,"3,848,000",10.6,10.65,10.5,10.65,"1,249"
11,104/10/19,"2,836,603",10.7,10.75,10.55,10.65,"1,102"
12,104/10/20,"3,465,001",10.65,10.75,10.6,10.7,"1,249"
13,104/10/21,"3,473,400",10.8,10.8,10.65,10.65,"1,280"
14,104/10/22,"11,323,764",10.7,11.25,10.7,11.1,"2,630"
15,104/10/23,"5,440,152",11.3,11.3,11.05,11.05,"1,735"
16,104/10/26,"4,202,455",11.1,11.2,11.0,11.05,"1,282"
17,104/10/27,"4,807,755",11.05,11.2,11.0,11.1,"1,271"
18,104/10/28,"5,139,196",11.1,11.1,10.75,10.8,"1,502"
19,104/10/29,"8,111,161",10.9,10.95,10.35,10.4,"2,299"
0,104/11/02,"2,553,000",10.45,10.6,10.4,10.4,785
1,104/11/03,"4,640,189",10.5,10.65,10.4,10.55,"1,468"
2,104/11/04,"5,384,050",10.55,10.7,10.55,10.7,"1,876"
3,104/11/05,"12,290,533",11.25,11.75,11.25,11.75,"1,910"
4,104/11/06,"40,295,581",12.1,12.7,12.0,12.15,"9,081"
5,104/11/09,"15,126,015",12.05,12.2,11.45,11.5,"3,548"
6,104/11/10,"8,098,750",11.35,11.45,11.1,11.35,"3,006"
7,104/11/11,"7,283,700",11.55,11.65,11.25,11.25,"2,143"
8,104/11/12,"5,962,137",11.3,11.5,10.95,11.25,"1,631"
9,104/11/13,"5,029,000",11.05,11.2,10.95,11.1,"1,353"
10,104/11/16,"4,141,225",10.75,11.0,10.75,10.9,"1,452"
11,104/11/17,"3,807,202",11.05,11.3,11.05,11.05,935
12,104/11/18,"3,888,932",11.15,11.2,10.85,10.85,"1,535"
13,104/11/19,"2,956,000",11.0,11.05,10.8,10.95,863
14,104/11/20,"2,428,650",10.9,11.0,10.85,10.9,917
15,104/11/23,"2,405,956",10.9,11.0,10.8,10.85,968
16,104/11/24,"2,609,435",10.8,10.9,10.75,10.75,"1,136"
17,104/11/25,"3,754,475",10.75,10.8,10.5,10.55,"1,207"
18,104/11/26,"5,240,369",10.6,11.1,10.6,10.9,"1,612"
19,104/11/27,"2,740,627",10.95,11.0,10.7,10.75,897
0,104/12/01,"3,123,135",10.45,10.6,10.35,10.5,"1,151"
1,104/12/02,"3,026,815",10.55,10.6,10.35,10.35,"1,102"
2,104/12/03,"5,701,626",10.3,10.45,10.25,10.3,"1,296"
3,104/12/04,"9,786,168",10.2,10.8,10.15,10.45,"2,395"
4,104/12/07,"6,485,507",10.65,10.8,10.55,10.6,"1,567"
5,104/12/08,"6,181,248",10.6,10.65,10.35,10.5,"1,643"
6,104/12/09,"8,519,660",10.5,10.5,10.15,10.15,"1,957"
7,104/12/10,"6,620,011",10.1,10.15,10.0,10.05,"1,762"
8,104/12/11,"6,324,581",10.05,10.2,9.9,9.92,"1,647"
9,104/12/14,"3,649,305",9.8,9.85,9.66,9.7,"1,148"
10,104/12/15,"5,561,351",10.1,10.5,10.0,10.05,"1,372"
11,104/12/16,"4,338,825",10.3,10.3,10.1,10.15,917
12,104/12/17,"4,427,101",10.3,10.3,10.15,10.25,"1,034"
13,104/12/18,"4,009,391",10.2,10.2,10.1,10.1,715
14,104/12/21,"3,773,027",10.05,10.25,10.05,10.2,790
15,104/12/22,"2,821,750",10.2,10.25,10.05,10.05,550
16,104/12/23,"3,836,001",10.1,10.4,10.1,10.3,"1,135"
17,104/12/24,"4,300,876",10.3,10.4,10.15,10.15,760
18,104/12/25,"23,485,835",10.35,11.15,10.3,11.15,"5,083"
19,104/12/28,"34,718,132",11.45,11.8,11.25,11.25,"7,364"
20,104/12/29,"8,477,575",11.25,11.55,11.15,11.3,"2,298"
21,104/12/30,"19,519,915",11.85,12.1,11.7,11.75,"4,574"
0,105/01/04,"11,275,881",11.75,11.75,11.15,11.2,"3,010"
1,105/01/05,"7,240,774",11.05,11.25,10.95,11.0,"1,809"
2,105/01/06,"7,095,027",11.15,11.2,10.8,10.95,"2,148"
3,105/01/07,"11,216,950",10.95,11.0,10.45,10.5,"2,654"
4,105/01/08,"11,276,255",10.3,10.75,10.25,10.5,"2,524"
5,105/01/11,"7,773,515",10.4,10.4,10.1,10.3,"1,702"
6,105/01/12,"8,464,582",10.3,10.45,10.2,10.25,"1,894"
7,105/01/13,"5,835,640",10.45,10.45,10.2,10.35,"1,219"
8,105/01/14,"7,779,435",10.2,10.25,10.05,10.1,"1,697"
9,105/01/15,"6,962,182",10.25,10.25,10.0,10.0,"1,790"
10,105/01/18,"7,228,968",9.9,10.2,9.8,10.05,"2,219"
11,105/01/19,"4,577,999",10.1,10.15,9.98,10.1,"1,080"
12,105/01/20,"5,399,196",10.1,10.1,9.83,9.85,"1,568"
13,105/01/21,"3,221,604",9.87,9.97,9.85,9.85,"1,077"
14,105/01/22,"3,591,952",9.92,9.99,9.88,9.91,"1,040"
15,105/01/25,"19,891,433",10.1,10.9,10.05,10.9,"3,926"
16,105/01/26,"47,701,530",10.9,11.6,10.7,11.3,"10,903"
17,105/01/27,"12,158,043",11.2,11.4,10.95,11.0,"2,961"
18,105/01/28,"12,091,797",10.95,11.5,10.95,11.1,"3,218"
19,105/01/29,"9,329,126",11.15,11.3,11.05,11.25,"2,411"
0,105/02/01,"5,954,108",11.25,11.25,11.05,11.2,"1,551"
1,105/02/02,"3,869,702",11.2,11.25,11.05,11.05,"1,161"
2,105/02/03,"5,397,315",11.05,11.1,10.95,10.95,"1,611"
3,105/02/15,"5,213,167",10.85,10.85,10.55,10.8,"1,638"
4,105/02/16,"5,953,679",10.8,10.95,10.8,10.9,"1,609"
5,105/02/17,"19,146,582",10.95,11.65,10.95,11.25,"4,752"
6,105/02/18,"7,279,237",11.35,11.45,11.15,11.2,"2,005"
7,105/02/19,"6,731,000",11.2,11.5,11.2,11.2,"1,854"
8,105/02/22,"4,034,841",11.25,11.35,11.15,11.2,"1,137"
9,105/02/23,"4,789,500",11.25,11.3,11.1,11.15,"1,392"
10,105/02/24,"5,772,300",11.15,11.35,11.1,11.15,"1,707"
11,105/02/25,"9,864,200",11.2,11.5,11.15,11.2,"2,662"
0,105/03/01,"5,036,071",11.3,11.35,11.2,11.3,"2,013"
1,105/03/02,"10,266,000",11.4,11.5,11.35,11.45,"2,395"
2,105/03/03,"20,027,602",11.6,12.0,11.55,11.55,"4,673"
3,105/03/04,"10,146,520",11.7,11.85,11.5,11.75,"2,552"
4,105/03/07,"9,746,053",11.8,11.95,11.6,11.65,"2,507"
5,105/03/08,"20,023,213",11.8,12.15,11.65,12.1,"4,219"
6,105/03/09,"10,463,935",12.1,12.2,11.85,11.9,"2,610"
7,105/03/10,"5,934,756",11.95,12.0,11.85,11.9,"1,800"
8,105/03/11,"7,774,088",11.85,12.0,11.75,11.85,"2,282"
9,105/03/14,"8,558,800",11.9,12.1,11.85,11.85,"2,575"
10,105/03/15,"8,893,750",11.95,12.0,11.5,11.5,"2,477"
11,105/03/16,"8,702,409",11.55,11.85,11.55,11.8,"2,265"
12,105/03/17,"6,596,155",11.95,12.0,11.7,11.7,"2,118"
13,105/03/18,"7,699,000",11.75,11.9,11.7,11.9,"2,237"
14,105/03/21,"6,350,289",11.9,11.95,11.7,11.9,"1,411"
15,105/03/22,"7,650,334",11.9,11.9,11.6,11.75,"2,092"
16,105/03/23,"12,451,800",11.6,11.7,11.25,11.25,"3,327"
17,105/03/24,"9,820,495",11.2,11.45,11.05,11.2,"2,280"
18,105/03/25,"2,574,212",11.2,11.35,11.2,11.25,742
19,105/03/28,"4,358,750",11.4,11.45,11.25,11.25,996
20,105/03/29,"7,902,096",11.35,11.35,10.9,10.95,"1,845"
21,105/03/30,"7,560,700",11.05,11.35,11.05,11.2,"1,995"
0,105/04/01,"4,646,884",11.0,11.1,10.9,11.0,"1,431"
1,105/04/06,"5,699,783",10.9,10.95,10.8,10.8,"1,689"
2,105/04/07,"3,836,341",10.85,10.95,10.7,10.75,"1,301"
3,105/04/08,"4,419,191",10.65,10.9,10.65,10.75,"1,525"
4,105/04/11,"2,960,817",10.75,10.85,10.65,10.85,770
5,105/04/12,"3,975,919",10.9,10.9,10.65,10.65,877
6,105/04/13,"7,310,532",10.7,11.05,10.7,10.9,"2,162"
7,105/04/14,"3,125,742",10.95,10.95,10.75,10.75,974
8,105/04/15,"2,574,904",10.75,10.85,10.75,10.75,"1,129"
9,105/04/18,"2,659,469",10.75,10.75,10.65,10.7,853
10,105/04/19,"3,138,344",10.8,10.85,10.7,10.7,"1,037"
11,105/04/20,"4,029,440",10.8,10.85,10.65,10.7,"1,887"
12,105/04/21,"3,394,000",10.75,10.8,10.65,10.75,"1,067"
13,105/04/22,"6,369,515",10.8,10.95,10.75,10.95,"2,234"
14,105/04/25,"3,071,921",10.95,11.05,10.85,10.9,767
15,105/04/26,"3,843,053",10.9,11.0,10.8,10.85,"1,009"
16,105/04/27,"2,234,006",10.85,10.9,10.8,10.85,790
17,105/04/28,"4,119,201",10.85,10.95,10.65,10.75,"1,369"
0,105/05/03,"4,943,195",10.4,10.45,10.15,10.15,"1,326"
1,105/05/04,"6,546,112",10.15,10.15,10.0,10.1,"1,999"
2,105/05/05,"5,605,156",10.1,10.2,10.0,10.1,"1,594"
3,105/05/06,"3,829,300",10.0,10.1,10.0,10.0,"1,149"
4,105/05/09,"4,051,067",10.05,10.2,10.0,10.2,"1,527"
5,105/05/10,"1,941,785",10.1,10.2,10.05,10.1,845
6,105/05/11,"3,537,999",10.1,10.2,10.0,10.0,"1,389"
7,105/05/12,"3,654,500",10.0,10.15,9.97,10.05,998
8,105/05/13,"6,659,609",10.05,10.1,9.82,9.9,"2,618"
9,105/05/16,"3,380,677",9.9,9.95,9.75,9.78,"1,315"
10,105/05/17,"3,743,101",9.84,9.89,9.68,9.85,"1,488"
11,105/05/18,"16,730,200",10.05,10.75,10.05,10.6,"4,501"
12,105/05/19,"6,399,208",10.6,10.65,10.2,10.25,"2,378"
13,105/05/20,"3,913,500",10.35,10.35,10.15,10.2,"1,230"
14,105/05/23,"7,327,445",10.3,10.5,10.15,10.4,"2,238"
15,105/05/24,"2,355,999",10.4,10.5,10.35,10.4,908
16,105/05/25,"7,527,001",10.5,10.7,10.4,10.45,"2,417"
17,105/05/26,"4,003,101",10.6,10.65,10.4,10.45,"1,185"
18,105/05/27,"3,390,501",10.55,10.65,10.45,10.55,"1,216"
19,105/05/30,"4,169,740",10.55,10.7,10.5,10.65,"1,460"
0,105/06/01,"6,349,500",10.65,10.9,10.6,10.8,"2,106"
1,105/06/02,"14,343,521",10.9,11.4,10.85,10.95,"4,201"
2,105/06/03,"3,608,803",11.0,11.05,10.85,10.9,"1,387"
3,105/06/04,"2,639,499",10.9,11.05,10.85,11.05,695
4,105/06/06,"4,311,145",11.1,11.25,10.9,10.95,"1,133"
5,105/06/07,"5,913,375",11.1,11.15,11.0,11.15,"2,039"
6,105/06/08,"5,106,292",11.1,11.15,11.05,11.1,"1,777"
7,105/06/13,"6,227,600",11.05,11.1,10.5,10.65,"1,633"
8,105/06/14,"3,533,540",10.6,10.7,10.55,10.65,"1,204"
9,105/06/15,"2,721,727",10.65,10.75,10.55,10.6,894
10,105/06/16,"4,516,050",10.6,10.65,10.35,10.35,"1,283"
11,105/06/17,"6,232,501",10.55,10.8,10.5,10.65,"1,731"
12,105/06/20,"3,345,306",10.7,10.75,10.65,10.75,"1,326"
13,105/06/21,"2,729,500",10.75,10.85,10.65,10.8,910
14,105/06/22,"3,158,426",10.8,10.85,10.7,10.8,874
15,105/06/23,"10,127,904",10.9,11.2,10.9,10.95,"2,441"
16,105/06/24,"8,963,598",11.0,11.0,10.45,10.5,"2,573"
17,105/06/27,"4,567,625",10.5,10.6,10.45,10.5,"1,254"
18,105/06/28,"5,497,501",10.5,10.7,10.4,10.55,"1,654"
19,105/06/29,"3,310,004",10.65,10.7,10.5,10.55,"1,138"
0,105/07/01,"5,220,405",10.75,10.8,10.65,10.7,"1,810"
1,105/07/04,"5,533,201",10.8,11.0,10.75,10.8,"1,540"
2,105/07/05,"2,411,225",10.8,10.8,10.65,10.7,768
3,105/07/06,"4,048,761",10.65,10.65,10.5,10.5,"1,534"
4,105/07/07,"2,383,500",10.6,10.6,10.45,10.5,777
5,105/07/11,"6,007,846",10.65,10.85,10.6,10.7,"1,705"
6,105/07/12,"3,124,459",10.7,10.8,10.6,10.7,"1,080"
7,105/07/13,"3,325,151",10.75,10.8,10.7,10.7,"1,259"
8,105/07/14,"4,511,500",10.7,10.9,10.7,10.8,"1,284"
9,105/07/15,"4,287,705",10.75,10.85,10.75,10.85,"1,821"
10,105/07/18,"5,501,501",10.85,10.9,10.75,10.9,"1,523"
11,105/07/19,"6,233,000",10.95,11.0,10.8,11.0,"1,965"
12,105/07/20,"10,806,000",10.95,11.35,10.9,11.1,"3,156"
13,105/07/21,"6,690,102",11.25,11.25,11.1,11.15,"2,791"
14,105/07/22,"5,912,661",11.15,11.3,11.1,11.2,"1,792"
15,105/07/25,"6,654,000",11.25,11.3,10.9,11.0,"1,643"
16,105/07/26,"3,793,904",11.0,11.1,11.0,11.05,"1,470"
17,105/07/27,"5,337,000",11.1,11.2,11.0,11.1,"1,552"
18,105/07/28,"3,742,907",11.1,11.1,10.95,11.0,"1,381"
0,105/08/01,"2,973,552",11.05,11.1,11.0,11.05,"1,250"
1,105/08/02,"2,345,947",11.05,11.1,10.95,11.0,758
2,105/08/03,"3,095,500",10.9,10.95,10.85,10.9,893
3,105/08/04,"18,610,496",11.15,11.4,11.1,11.35,"4,294"
4,105/08/05,"8,411,710",11.35,11.45,11.25,11.3,"2,242"
5,105/08/08,"4,909,523",11.45,11.45,11.3,11.4,"1,500"
6,105/08/09,"6,246,200",11.4,11.45,11.2,11.35,"1,756"
7,105/08/10,"14,920,675",11.4,11.7,11.4,11.5,"3,553"
8,105/08/11,"8,244,499",11.35,11.4,11.1,11.25,"2,131"
9,105/08/12,"4,256,248",11.2,11.25,11.1,11.2,"1,547"
10,105/08/15,"3,912,728",11.2,11.2,11.0,11.1,"1,106"
11,105/08/16,"6,655,900",11.1,11.15,10.9,10.95,"1,628"
12,105/08/17,"4,958,332",10.9,11.0,10.85,10.95,"2,013"
13,105/08/18,"2,603,000",10.9,11.0,10.85,10.95,839
14,105/08/19,"4,018,411",10.95,10.95,10.8,10.8,"1,106"
15,105/08/22,"3,343,137",10.8,10.85,10.65,10.75,"1,098"
16,105/08/23,"3,149,336",10.7,10.9,10.7,10.75,"1,340"
17,105/08/24,"5,412,000",10.75,10.95,10.7,10.75,"1,688"
18,105/08/25,"4,260,142",10.8,10.95,10.8,10.85,"1,482"
19,105/08/26,"2,309,550",10.95,10.95,10.8,10.9,836
20,105/08/29,"2,834,500",11.05,11.05,10.75,10.9,903
21,105/08/30,"2,173,668",10.85,10.9,10.75,10.8,767
22,105/08/31,"5,289,354",10.8,10.8,10.65,10.7,"1,106"
0,105/09/01,"3,808,956",10.7,10.7,10.5,10.55,"1,136"
1,105/09/02,"4,598,674",10.55,10.65,10.5,10.55,"1,090"
2,105/09/05,"2,713,580",10.6,10.8,10.6,10.65,580
3,105/09/06,"2,774,155",10.7,10.75,10.65,10.75,920
4,105/09/07,"3,772,076",10.75,10.9,10.7,10.75,"1,272"
5,105/09/08,"2,268,100",10.8,10.85,10.7,10.8,715
6,105/09/09,"2,579,972",10.8,10.8,10.65,10.65,889
7,105/09/10,"2,352,504",10.55,10.65,10.5,10.55,720
8,105/09/12,"3,724,500",10.55,10.55,10.45,10.5,"1,206"
9,105/09/13,"4,786,000",10.5,10.6,10.35,10.4,"1,856"
10,105/09/14,"4,708,500",10.35,10.45,10.3,10.35,"1,247"
11,105/09/19,"3,448,800",10.45,10.55,10.4,10.4,"1,180"
12,105/09/20,"2,107,832",10.4,10.45,10.35,10.35,"1,001"
13,105/09/21,"3,235,679",10.35,10.55,10.3,10.55,"1,469"
14,105/09/22,"2,761,726",10.6,10.65,10.5,10.6,875
15,105/09/23,"2,604,501",10.6,10.65,10.55,10.6,977
16,105/09/26,"2,032,500",10.6,10.6,10.4,10.45,587
17,105/09/29,"3,626,529",10.5,10.55,10.4,10.55,"1,575"
18,105/09/30,"2,945,736",10.45,10.5,10.4,10.4,869
0,105/10/03,"1,764,600",10.4,10.5,10.35,10.35,488
1,105/10/04,"2,555,037",10.4,10.45,10.35,10.4,847
2,105/10/05,"1,537,937",10.35,10.4,10.35,10.4,340
3,105/10/06,"1,699,700",10.45,10.45,10.35,10.35,604
4,105/10/07,"2,099,800",10.35,10.4,10.3,10.35,532
5,105/10/11,"5,982,867",10.4,10.45,10.1,10.25,"1,382"
6,105/10/12,"2,277,754",10.2,10.35,10.15,10.2,758
7,105/10/13,"4,928,500",10.2,10.2,10.05,10.05,"1,849"
8,105/10/14,"5,787,752",10.05,10.25,10.05,10.1,"1,175"
9,105/10/17,"2,931,710",10.1,10.15,10.05,10.05,861
10,105/10/18,"2,200,200",10.05,10.15,10.05,10.15,719
11,105/10/19,"1,932,106",10.15,10.2,10.1,10.15,776
12,105/10/20,"2,818,348",10.15,10.2,10.1,10.15,855
13,105/10/21,"1,772,901",10.2,10.2,10.1,10.1,523
14,105/10/24,"2,770,128",10.15,10.2,10.05,10.2,561
15,105/10/25,"2,561,101",10.15,10.2,10.1,10.1,529
16,105/10/26,"2,766,685",10.1,10.2,10.1,10.1,678
17,105/10/27,"3,047,698",10.15,10.15,10.05,10.1,"1,356"
18,105/10/28,"2,525,774",10.1,10.15,10.05,10.1,714
19,105/10/31,"3,738,541",10.05,10.15,10.0,10.15,"1,471"
0,105/11/01,"1,827,908",10.1,10.15,10.05,10.1,579
1,105/11/02,"2,941,503",10.05,10.1,10.0,10.0,799
2,105/11/03,"4,330,811",10.0,10.05,9.95,10.0,"1,207"
3,105/11/04,"1,764,300",10.0,10.05,9.97,9.97,812
4,105/11/07,"2,615,002",10.05,10.05,9.97,10.05,725
5,105/11/08,"1,736,989",10.0,10.1,9.98,10.05,535
6,105/11/09,"5,887,502",10.1,10.15,9.79,9.8,"2,156"
7,105/11/10,"3,182,163",9.86,9.97,9.86,9.9,"1,279"
8,105/11/11,"5,686,351",9.99,10.05,9.85,9.85,"2,340"
9,105/11/14,"5,126,504",9.85,9.85,9.64,9.66,"1,842"
10,105/11/15,"3,204,606",9.63,9.75,9.62,9.65,"1,164"
11,105/11/16,"3,467,043",9.7,9.72,9.62,9.63,"1,056"
12,105/11/17,"3,827,603",9.64,9.67,9.5,9.54,"1,423"
13,105/11/18,"6,465,138",9.54,9.66,9.4,9.65,"2,161"
14,105/11/21,"2,357,570",9.65,9.67,9.55,9.59,799
15,105/11/22,"4,487,930",9.59,9.68,9.52,9.52,"1,867"
16,105/11/23,"3,102,521",9.54,9.63,9.54,9.57,"1,064"
17,105/11/24,"12,584,155",9.55,9.57,9.28,9.37,"4,867"
18,105/11/25,"4,984,962",9.4,9.41,9.3,9.32,"1,361"
19,105/11/28,"9,992,317",9.38,9.89,9.37,9.75,"2,749"
20,105/11/29,"3,352,185",9.75,9.78,9.65,9.73,"1,065"
21,105/11/30,"8,504,502",9.73,9.92,9.6,9.92,"1,453"
0,105/12/01,"4,302,552",9.85,9.93,9.77,9.85,"1,227"
1,105/12/02,"2,828,259",9.8,9.83,9.76,9.78,"1,241"
2,105/12/05,"6,462,078",9.8,9.98,9.74,9.93,"2,395"
3,105/12/06,"14,150,135",9.97,10.35,9.97,10.15,"2,807"
4,105/12/07,"3,704,121",10.2,10.2,10.05,10.1,797
5,105/12/08,"4,643,500",10.2,10.25,10.05,10.15,"1,546"
6,105/12/09,"3,619,493",10.15,10.25,10.1,10.2,"1,334"
7,105/12/12,"5,031,406",10.15,10.15,9.93,9.95,"1,393"
8,105/12/13,"6,852,752",10.05,10.25,9.98,10.25,"1,898"
9,105/12/14,"3,448,556",10.25,10.3,10.1,10.2,960
10,105/12/15,"3,477,000",10.15,10.25,10.05,10.2,851
11,105/12/16,"3,506,503",10.2,10.25,10.1,10.15,745
12,105/12/19,"1,978,507",10.2,10.2,10.1,10.1,492
13,105/12/20,"16,828,249",10.15,10.5,10.15,10.35,"3,374"
14,105/12/21,"4,208,000",10.25,10.4,10.2,10.35,"1,159"
15,105/12/22,"15,363,284",10.4,10.65,10.3,10.35,"2,996"
16,105/12/23,"5,007,614",10.45,10.5,10.25,10.25,"1,435"
17,105/12/26,"2,398,550",10.4,10.4,10.25,10.25,560
18,105/12/27,"2,478,105",10.25,10.3,10.2,10.2,523
19,105/12/28,"3,516,600",10.2,10.3,10.2,10.2,897
20,105/12/29,"3,810,559",10.2,10.3,10.15,10.2,"1,022"
21,105/12/30,"4,594,166",10.25,10.35,10.25,10.35,"1,273"
0,106/01/03,"6,152,686",10.35,10.55,10.35,10.4,"1,237"
1,106/01/04,"2,689,471",10.4,10.5,10.4,10.45,821
2,106/01/05,"3,167,879",10.45,10.45,10.3,10.35,884
3,106/01/06,"2,777,200",10.35,10.4,10.25,10.35,676
4,106/01/09,"2,487,427",10.35,10.4,10.2,10.25,672
5,106/01/10,"1,444,794",10.25,10.3,10.2,10.3,366
6,106/01/11,"2,602,385",10.3,10.35,10.2,10.3,713
7,106/01/12,"3,257,980",10.3,10.4,10.25,10.3,"1,269"
8,106/01/13,"4,067,000",10.35,10.5,10.3,10.4,934
9,106/01/16,"2,687,000",10.4,10.4,10.2,10.25,637
10,106/01/17,"3,103,101",10.3,10.3,10.2,10.25,663
11,106/01/18,"2,036,609",10.2,10.3,10.2,10.25,618
12,106/01/19,"2,420,123",10.25,10.25,10.2,10.25,732
13,106/01/20,"2,958,148",10.25,10.3,10.15,10.2,829
14,106/01/23,"3,115,700",10.3,10.3,10.15,10.2,"1,053"
15,106/01/24,"3,849,215",10.25,10.25,10.15,10.15,987
0,106/02/02,"5,591,193",10.25,10.25,10.05,10.1,"1,914"
1,106/02/03,"6,506,040",10.1,10.2,10.0,10.05,"2,054"
2,106/02/06,"4,696,005",10.05,10.15,10.0,10.1,"1,655"
3,106/02/07,"3,519,600",10.15,10.2,10.1,10.15,"1,214"
4,106/02/08,"3,941,002",10.15,10.2,10.1,10.1,"1,143"
5,106/02/09,"4,846,700",10.15,10.2,10.05,10.1,"1,393"
6,106/02/10,"4,790,676",10.1,10.2,10.05,10.2,"1,158"
7,106/02/13,"5,034,534",10.2,10.3,10.2,10.2,"1,332"
8,106/02/14,"2,839,609",10.25,10.25,10.1,10.15,964
9,106/02/15,"6,778,000",10.15,10.2,10.05,10.2,"1,658"
10,106/02/16,"4,203,643",10.2,10.25,10.1,10.15,"1,208"
11,106/02/17,"15,241,749",10.2,10.55,10.15,10.35,"3,217"
12,106/02/18,"4,027,800",10.35,10.5,10.35,10.4,868
13,106/02/20,"3,579,184",10.35,10.45,10.25,10.3,838
14,106/02/21,"2,731,000",10.3,10.35,10.2,10.3,755
15,106/02/22,"4,036,446",10.35,10.4,10.25,10.3,996
16,106/02/23,"28,701,900",10.55,10.8,10.5,10.5,"5,646"
17,106/02/24,"7,419,391",10.5,10.5,10.3,10.3,"1,882"
0,106/03/01,"7,712,541",10.3,10.4,10.25,10.3,"2,174"
1,106/03/02,"5,140,596",10.4,10.45,10.25,10.4,"1,353"
2,106/03/03,"3,244,297",10.4,10.4,10.25,10.25,"1,233"
3,106/03/06,"2,878,040",10.3,10.35,10.2,10.25,"1,154"
4,106/03/07,"2,546,629",10.25,10.3,10.2,10.25,"1,020"
5,106/03/08,"2,895,160",10.25,10.3,10.2,10.2,"1,095"
6,106/03/09,"5,454,000",10.2,10.25,10.1,10.1,"2,034"
7,106/03/10,"5,636,399",10.1,10.15,10.0,10.05,"1,480"
8,106/03/13,"3,290,260",10.15,10.15,10.05,10.05,993
9,106/03/14,"4,353,426",10.05,10.15,10.05,10.1,"1,538"
10,106/03/15,"2,655,960",10.1,10.15,10.05,10.1,826
11,106/03/16,"5,545,201",10.1,10.15,10.05,10.15,"1,379"
12,106/03/17,"6,226,161",10.2,10.2,10.1,10.2,"1,212"
13,106/03/20,"3,258,682",10.15,10.2,10.05,10.1,831
14,106/03/21,"4,700,777",10.15,10.15,10.05,10.1,"1,596"
15,106/03/22,"3,463,600",10.05,10.1,10.05,10.1,"1,035"
16,106/03/23,"3,811,849",10.1,10.15,10.05,10.15,791
17,106/03/24,"3,465,245",10.1,10.15,10.05,10.05,642
18,106/03/27,"3,591,863",10.1,10.15,10.05,10.05,912
19,106/03/28,"6,069,000",10.1,10.15,10.0,10.0,"1,592"
20,106/03/29,"2,696,003",10.05,10.1,10.0,10.05,969
21,106/03/30,"4,008,692",10.0,10.05,10.0,10.0,993
22,106/03/31,"4,752,501",10.0,10.05,9.97,9.97,"1,404"
0,106/04/05,"4,445,300",10.0,10.1,9.99,10.05,"1,415"
1,106/04/06,"2,544,515",10.05,10.05,9.98,9.98,791
2,106/04/07,"4,338,500",9.99,10.0,9.9,9.91,"1,380"
3,106/04/10,"3,836,456",9.9,9.94,9.84,9.92,"1,243"
4,106/04/11,"3,886,472",9.9,9.93,9.8,9.81,"1,390"
5,106/04/12,"5,818,779",9.8,9.8,9.68,9.68,"1,689"
6,106/04/13,"4,280,503",9.61,9.75,9.61,9.62,"1,383"
7,106/04/14,"5,996,095",9.7,9.7,9.5,9.5,"1,660"
8,106/04/17,"5,162,585",9.5,9.6,9.31,9.57,"1,663"
9,106/04/18,"2,221,005",9.62,9.65,9.53,9.57,965
10,106/04/19,"4,121,441",9.57,9.57,9.38,9.4,"1,646"
11,106/04/20,"4,018,820",9.4,9.58,9.4,9.47,"1,130"
12,106/04/21,"2,780,748",9.5,9.53,9.48,9.48,934
13,106/04/24,"1,739,202",9.5,9.55,9.49,9.51,558
14,106/04/25,"3,796,516",9.52,9.71,9.51,9.71,"1,383"
15,106/04/26,"5,165,005",9.73,9.94,9.72,9.9,"1,648"
16,106/04/27,"3,252,653",9.91,9.93,9.75,9.86,"1,384"
17,106/04/28,"3,063,532",9.86,9.86,9.7,9.72,"1,372"
0,106/05/02,"2,725,035",9.7,9.78,9.67,9.68,"1,104"
1,106/05/03,"2,149,070",9.68,9.7,9.6,9.63,833
2,106/05/04,"1,994,508",9.64,9.64,9.6,9.63,546
3,106/05/05,"1,687,963",9.6,9.6,9.56,9.57,540
4,106/05/08,"2,398,800",9.59,9.6,9.46,9.51,689
5,106/05/09,"3,450,703",9.51,9.56,9.44,9.44,"1,067"
6,106/05/10,"3,872,318",9.43,9.75,9.43,9.67,"1,371"
7,106/05/11,"3,313,395",9.67,9.79,9.59,9.72,"1,550"
8,106/05/12,"3,254,470",9.73,9.78,9.7,9.71,"1,211"
9,106/05/15,"2,513,501",9.71,9.77,9.68,9.71,853
10,106/05/16,"2,173,536",9.71,9.73,9.63,9.71,869
11,106/05/17,"2,619,236",9.7,9.74,9.6,9.74,968
12,106/05/18,"1,512,500",9.7,9.7,9.62,9.66,650
13,106/05/19,"2,071,029",9.63,9.64,9.6,9.6,616
14,106/05/22,"1,703,156",9.56,9.61,9.56,9.57,553
15,106/05/23,"2,111,114",9.52,9.58,9.52,9.55,950
16,106/05/24,"3,603,339",9.55,9.65,9.52,9.57,836
17,106/05/25,"24,754,542",9.65,10.25,9.65,9.98,"5,437"
18,106/05/26,"5,976,348",9.98,10.0,9.83,9.88,"1,761"
19,106/05/31,"10,792,736",9.93,10.3,9.81,10.3,"1,790"
0,106/06/01,"9,313,200",10.2,10.25,10.05,10.1,"1,962"
1,106/06/02,"5,892,108",10.15,10.15,9.99,10.0,"1,307"
2,106/06/03,"1,792,003",10.0,10.05,9.99,9.99,500
3,106/06/05,"6,042,440",10.0,10.2,9.99,10.05,"1,762"
4,106/06/06,"3,538,820",10.1,10.15,10.05,10.05,"1,031"
5,106/06/07,"3,771,000",10.1,10.1,10.0,10.05,761
6,106/06/08,"2,935,251",10.05,10.1,10.0,10.1,922
7,106/06/09,"5,143,847",10.1,10.1,9.96,9.97,"1,614"
8,106/06/12,"3,399,016",9.95,9.97,9.86,9.86,"1,058"
9,106/06/13,"1,734,500",9.9,9.91,9.83,9.83,567
10,106/06/14,"3,240,771",9.86,9.88,9.71,9.73,863
11,106/06/15,"3,228,903",9.77,9.93,9.72,9.86,929
12,106/06/16,"10,407,411",10.05,10.15,9.97,9.98,"2,002"
13,106/06/19,"16,161,818",9.98,10.2,9.91,10.05,"2,834"
14,106/06/20,"5,155,555",10.05,10.1,9.96,9.97,"1,100"
15,106/06/21,"4,340,500",9.97,10.0,9.95,9.97,"1,327"
16,106/06/22,"58,492,314",10.0,10.8,9.97,10.5,"10,413"
17,106/06/23,"14,398,501",10.55,10.65,10.25,10.35,"3,612"
18,106/06/26,"9,446,990",10.35,10.5,10.35,10.35,"2,365"
19,106/06/27,"40,288,748",10.35,10.85,10.35,10.7,"7,742"
20,106/06/28,"10,655,751",10.7,10.7,10.55,10.6,"2,492"
21,106/06/29,"46,385,355",10.7,11.3,10.65,11.05,"9,204"
22,106/06/30,"12,579,687",11.0,11.0,10.8,10.95,"2,673"
0,106/07/03,"8,591,244",10.95,11.05,10.75,10.85,"2,143"
1,106/07/04,"9,830,035",10.85,10.9,10.5,10.55,"2,405"
2,106/07/05,"7,054,322",10.6,10.7,10.4,10.65,"1,866"
3,106/07/06,"4,330,001",10.65,10.65,10.5,10.5,"1,046"
4,106/07/07,"5,689,502",10.5,10.55,10.35,10.35,"1,328"
5,106/07/10,"5,469,702",10.45,10.45,10.25,10.25,"1,331"
6,106/07/11,"9,335,900",10.25,10.55,10.25,10.4,"1,943"
7,106/07/12,"4,389,164",10.4,10.5,10.35,10.45,"1,041"
8,106/07/13,"5,033,399",10.5,10.55,10.3,10.3,"1,371"
9,106/07/14,"4,610,700",10.35,10.35,10.25,10.3,963
10,106/07/17,"5,564,209",10.35,10.45,10.25,10.4,"1,319"
11,106/07/18,"3,511,470",10.4,10.45,10.3,10.4,880
12,106/07/19,"4,314,718",10.4,10.4,10.3,10.3,999
13,106/07/20,"4,238,454",10.3,10.4,10.25,10.35,974
14,106/07/21,"4,624,420",10.4,10.4,10.25,10.3,946
15,106/07/24,"3,301,500",10.3,10.4,10.3,10.35,896
16,106/07/25,"5,020,280",10.35,10.4,10.3,10.4,911
17,106/07/26,"14,005,020",10.4,10.65,10.35,10.4,"2,643"
18,106/07/27,"5,329,109",10.55,10.6,10.45,10.45,"1,478"
19,106/07/28,"5,639,990",10.5,10.55,10.4,10.5,"1,129"
20,106/07/31,"14,993,714",10.55,10.75,10.55,10.7,"2,704"
0,106/08/01,"9,489,616",10.8,10.9,10.7,10.7,"2,066"
1,106/08/02,"5,274,700",10.75,10.75,10.5,10.55,"1,172"
2,106/08/03,"6,643,571",10.55,10.6,10.4,10.45,"1,348"
3,106/08/04,"3,440,501",10.5,10.55,10.4,10.45,798
4,106/08/07,"7,234,526",10.45,10.5,10.3,10.35,"1,439"
5,106/08/08,"5,023,040",10.35,10.5,10.3,10.4,"1,007"
6,106/08/09,"3,038,226",10.4,10.45,10.3,10.4,771
7,106/08/10,"8,305,187",10.4,10.4,10.15,10.15,"1,828"
8,106/08/11,"6,711,021",10.0,10.3,10.0,10.2,"1,264"
9,106/08/14,"4,731,450",10.25,10.25,10.1,10.1,"1,016"
10,106/08/15,"2,965,079",10.15,10.25,10.15,10.2,786
11,106/08/16,"4,493,700",10.2,10.3,10.2,10.3,"1,385"
12,106/08/17,"5,086,120",10.25,10.3,10.2,10.2,"1,317"
13,106/08/18,"4,908,600",10.15,10.2,10.1,10.1,"1,192"
14,106/08/21,"4,905,955",10.1,10.15,10.05,10.1,"1,224"
15,106/08/22,"2,617,000",10.1,10.2,10.1,10.15,831
16,106/08/23,"4,554,546",10.15,10.2,10.1,10.1,"1,190"
17,106/08/24,"6,986,837",10.15,10.3,10.1,10.3,"1,506"
18,106/08/25,"4,738,700",10.35,10.4,10.25,10.25,"1,320"
19,106/08/28,"5,168,249",10.3,10.35,10.25,10.3,"1,121"
20,106/08/29,"4,439,004",10.3,10.35,10.2,10.3,"1,110"
21,106/08/30,"3,780,000",10.3,10.35,10.2,10.25,965
22,106/08/31,"6,953,801",10.25,10.35,10.2,10.35,"1,240"
0,106/09/01,"11,682,755",10.4,10.55,10.3,10.45,"2,700"
1,106/09/04,"4,804,267",10.4,10.4,10.25,10.25,"1,094"
2,106/09/05,"5,187,420",10.3,10.35,10.25,10.35,"1,271"
3,106/09/06,"5,442,100",10.3,10.35,10.2,10.25,"1,172"
4,106/09/07,"3,323,700",10.3,10.3,10.25,10.3,986
5,106/09/08,"3,645,816",10.3,10.35,10.25,10.3,970
6,106/09/11,"4,353,633",10.3,10.35,10.25,10.3,"1,144"
7,106/09/12,"22,174,015",10.35,10.65,10.35,10.55,"4,406"
8,106/09/13,"6,685,802",10.6,10.65,10.4,10.45,"1,602"
9,106/09/14,"5,735,955",10.45,10.5,10.3,10.35,"1,498"
10,106/09/15,"5,549,414",10.4,10.4,10.25,10.3,956
11,106/09/18,"5,428,295",10.3,10.4,10.25,10.35,"1,102"
12,106/09/19,"3,870,678",10.35,10.4,10.25,10.25,"1,075"
13,106/09/20,"5,782,229",10.25,10.3,10.15,10.3,"1,461"
14,106/09/21,"6,060,328",10.25,10.3,10.15,10.15,"1,414"
15,106/09/22,"4,795,941",10.15,10.25,10.1,10.1,"1,145"
16,106/09/25,"5,835,253",10.15,10.15,10.0,10.1,"1,316"
17,106/09/26,"3,888,901",10.1,10.15,10.05,10.1,940
18,106/09/27,"17,734,300",10.1,10.35,10.1,10.2,"1,808"
19,106/09/28,"2,877,930",10.15,10.2,10.1,10.1,976
20,106/09/29,"4,443,865",10.1,10.25,10.1,10.2,889
21,106/09/30,"4,247,000",10.3,10.4,10.2,10.25,831
0,106/10/02,"3,051,340",10.25,10.3,10.2,10.2,634
1,106/10/03,"3,381,647",10.25,10.3,10.15,10.15,729
2,106/10/05,"2,586,000",10.2,10.25,10.15,10.2,658
3,106/10/06,"2,169,001",10.25,10.25,10.15,10.15,617
4,106/10/11,"5,399,997",10.2,10.2,10.05,10.05,"1,445"
5,106/10/12,"3,904,500",10.1,10.15,10.05,10.1,888
6,106/10/13,"3,389,891",10.1,10.2,10.1,10.15,753
7,106/10/16,"3,467,000",10.15,10.2,10.1,10.15,837
8,106/10/17,"4,180,363",10.15,10.15,10.05,10.05,788
9,106/10/18,"4,088,537",10.1,10.15,10.05,10.15,998
10,106/10/19,"5,120,100",10.15,10.2,10.05,10.15,839
11,106/10/20,"5,002,215",10.1,10.15,10.05,10.05,771
12,106/10/23,"5,286,068",10.1,10.15,10.05,10.05,905
13,106/10/24,"5,545,814",10.1,10.1,10.0,10.05,804
14,106/10/25,"4,435,883",10.1,10.1,10.0,10.0,830
15,106/10/26,"3,560,606",10.0,10.05,10.0,10.0,659
16,106/10/27,"5,638,500",10.05,10.05,10.0,10.05,986
17,106/10/30,"8,926,260",10.05,10.05,9.96,9.97,"2,132"
18,106/10/31,"3,467,219",9.97,10.0,9.95,9.98,"1,121"
0,106/11/01,"3,087,867",10.0,10.05,9.99,10.05,894
1,106/11/02,"3,199,100",10.05,10.05,10.0,10.0,676
2,106/11/03,"2,373,501",10.0,10.05,10.0,10.0,583
3,106/11/06,"3,946,500",10.0,10.05,9.95,9.96,"1,032"
4,106/11/07,"5,284,671",9.96,9.99,9.9,9.93,"1,270"
5,106/11/08,"3,957,140",9.94,9.98,9.85,9.9,"1,113"
6,106/11/09,"9,889,566",9.9,9.9,9.65,9.72,"2,174"
7,106/11/10,"2,617,860",9.72,9.8,9.71,9.76,813
8,106/11/13,"5,457,201",9.76,9.76,9.61,9.63,"1,391"
9,106/11/14,"8,157,986",9.63,9.63,9.43,9.51,"1,602"
10,106/11/15,"6,451,620",9.57,9.66,9.53,9.57,"1,675"
11,106/11/16,"3,846,933",9.57,9.6,9.51,9.53,987
12,106/11/17,"4,894,884",9.56,9.56,9.5,9.5,"1,249"
13,106/11/20,"7,717,506",9.5,9.52,9.34,9.39,"1,894"
14,106/11/21,"5,632,350",9.4,9.59,9.38,9.47,"1,368"
15,106/11/22,"9,194,009",9.53,9.67,9.46,9.63,"2,260"
16,106/11/23,"15,137,409",9.69,10.0,9.65,9.83,"3,034"
17,106/11/24,"6,706,050",9.83,9.84,9.68,9.69,"1,569"
18,106/11/27,"5,459,267",9.7,9.72,9.59,9.61,"1,068"
19,106/11/28,"5,752,149",9.68,9.78,9.68,9.72,"1,493"
20,106/11/29,"7,031,960",9.81,9.81,9.61,9.62,"1,716"
21,106/11/30,"12,971,659",9.61,10.05,9.57,10.05,"1,597"
0,106/12/01,"8,393,510",9.9,9.9,9.74,9.75,"2,107"
1,106/12/04,"3,806,537",9.83,9.85,9.72,9.72,878
2,106/12/05,"4,471,000",9.72,9.75,9.6,9.61,"1,140"
3,106/12/06,"11,263,851",9.78,9.9,9.69,9.7,"2,504"
4,106/12/07,"5,007,184",9.72,9.78,9.61,9.61,"1,490"
5,106/12/08,"5,212,179",9.67,9.67,9.57,9.64,"1,638"
6,106/12/11,"3,854,197",9.66,9.68,9.63,9.63,972
7,106/12/12,"5,682,350",9.63,9.64,9.54,9.58,"1,608"
8,106/12/13,"3,227,692",9.58,9.61,9.54,9.58,988
9,106/12/14,"5,721,651",9.61,9.62,9.56,9.58,"1,203"
10,106/12/15,"6,692,102",9.62,9.62,9.53,9.53,"1,142"
11,106/12/18,"2,487,503",9.55,9.57,9.52,9.54,778
12,106/12/19,"11,169,473",9.55,9.78,9.54,9.74,"2,410"
13,106/12/20,"5,122,522",9.76,9.82,9.7,9.7,"1,239"
14,106/12/21,"2,672,501",9.69,9.75,9.68,9.7,820
15,106/12/22,"2,623,700",9.7,9.74,9.68,9.68,744
16,106/12/25,"2,677,100",9.68,9.72,9.68,9.69,729
17,106/12/26,"8,522,228",9.7,9.85,9.69,9.69,"1,438"
18,106/12/27,"9,460,152",9.88,9.89,9.75,9.86,"2,428"
19,106/12/28,"22,159,730",9.89,10.2,9.88,10.1,"4,426"
20,106/12/29,"12,385,370",10.1,10.1,9.98,9.98,"1,950"
0,107/01/02,"5,830,708",10.05,10.1,9.98,10.0,"1,117"
1,107/01/03,"7,144,913",10.05,10.15,10.0,10.05,"1,773"
2,107/01/04,"5,495,316",10.05,10.15,10.0,10.1,"1,288"
3,107/01/05,"4,835,602",10.1,10.15,10.0,10.05,"1,628"
4,107/01/08,"5,200,206",10.1,10.15,10.0,10.1,"1,966"
5,107/01/09,"5,671,601",10.15,10.15,10.05,10.05,"1,197"
6,107/01/10,"4,131,573",10.05,10.15,10.05,10.1,856
7,107/01/11,"4,707,277",10.05,10.1,10.0,10.05,"1,053"
8,107/01/12,"4,796,910",10.0,10.1,10.0,10.1,"1,133"
9,107/01/15,"6,093,500",10.1,10.1,10.0,10.0,999
10,107/01/16,"16,272,128",10.0,10.25,10.0,10.2,"2,294"
11,107/01/17,"7,345,501",10.2,10.2,10.05,10.15,"2,324"
12,107/01/18,"5,693,001",10.15,10.2,10.1,10.1,"1,367"
13,107/01/19,"18,014,308",10.15,10.35,10.15,10.2,"2,711"
14,107/01/22,"4,391,800",10.25,10.25,10.05,10.15,976
15,107/01/23,"5,458,608",10.15,10.15,10.05,10.1,"1,115"
16,107/01/24,"3,985,077",10.1,10.1,10.0,10.05,873
17,107/01/25,"5,553,424",10.1,10.1,10.05,10.05,"1,147"
18,107/01/26,"2,642,603",10.05,10.1,10.0,10.1,820
19,107/01/29,"3,452,301",10.1,10.1,10.0,10.05,777
20,107/01/30,"3,138,506",10.05,10.1,10.0,10.0,495
21,107/01/31,"9,279,885",10.0,10.1,9.93,10.05,"1,697"
0,107/02/01,"2,523,506",10.05,10.1,10.0,10.0,585
1,107/02/02,"3,202,000",10.0,10.05,9.96,10.0,783
2,107/02/05,"7,928,864",9.9,9.93,9.85,9.85,"2,034"
3,107/02/06,"15,599,280",9.7,9.73,9.22,9.3,"4,264"
4,107/02/07,"6,969,550",9.4,9.58,9.38,9.38,"2,115"
5,107/02/08,"4,015,000",9.42,9.46,9.31,9.35,"1,337"
6,107/02/09,"6,587,628",9.04,9.2,8.98,9.16,"1,917"
7,107/02/12,"5,397,564",9.17,9.25,9.16,9.16,"1,491"
8,107/02/21,"6,139,329",9.33,9.55,9.3,9.55,"1,969"
9,107/02/22,"3,306,476",9.53,9.53,9.37,9.48,"1,118"
10,107/02/23,"3,059,102",9.5,9.52,9.46,9.46,920
11,107/02/26,"2,535,500",9.5,9.52,9.42,9.44,956
12,107/02/27,"3,143,035",9.49,9.5,9.44,9.47,946
0,107/03/01,"3,967,862",9.4,9.42,9.38,9.39,"1,459"
1,107/03/02,"3,310,386",9.34,9.35,9.25,9.29,"1,398"
2,107/03/05,"3,470,718",9.28,9.32,9.24,9.25,"1,104"
3,107/03/06,"2,900,253",9.3,9.3,9.25,9.28,883
4,107/03/07,"2,622,361",9.28,9.3,9.24,9.24,705
5,107/03/08,"5,066,703",9.34,9.48,9.32,9.37,"1,343"
6,107/03/09,"3,103,165",9.43,9.43,9.3,9.31,694
7,107/03/12,"3,619,934",9.38,9.38,9.3,9.32,979
8,107/03/13,"5,820,126",9.32,9.32,9.25,9.3,"1,335"
9,107/03/14,"4,582,550",9.3,9.3,9.25,9.26,"1,112"
10,107/03/15,"2,097,860",9.29,9.3,9.27,9.3,505
11,107/03/16,"5,014,502",9.32,9.32,9.26,9.27,"1,481"
12,107/03/19,"2,793,001",9.28,9.3,9.26,9.3,749
13,107/03/20,"2,289,500",9.28,9.29,9.25,9.26,921
14,107/03/21,"3,127,500",9.27,9.29,9.25,9.29,838
15,107/03/22,"9,373,144",9.29,9.41,9.28,9.29,"1,733"
16,107/03/23,"5,070,313",9.15,9.19,9.11,9.15,"1,883"
17,107/03/26,"4,433,300",9.16,9.21,9.12,9.13,"1,381"
18,107/03/27,"3,343,301",9.15,9.2,9.13,9.13,"1,139"
19,107/03/28,"1,965,484",9.13,9.18,9.13,9.17,605
20,107/03/29,"2,611,305",9.19,9.19,9.11,9.12,"1,039"
21,107/03/30,"3,395,283",9.13,9.14,9.1,9.11,926
22,107/03/31,"5,129,802",9.12,9.3,9.11,9.14,"1,019"
0,107/04/02,"1,796,700",9.15,9.2,9.13,9.13,565
1,107/04/03,"4,042,188",9.1,9.11,9.04,9.06,"1,294"
2,107/04/09,"5,254,289",9.03,9.06,9.0,9.02,"1,517"
3,107/04/10,"4,548,375",9.0,9.02,8.98,8.99,"1,315"
4,107/04/11,"5,030,500",9.0,9.02,8.98,8.99,"1,405"
5,107/04/12,"2,842,954",8.99,9.01,8.99,9.0,794
6,107/04/13,"2,069,627",9.0,9.03,8.98,9.0,652
7,107/04/16,"2,896,992",9.0,9.02,8.97,8.98,869
8,107/04/17,"3,953,512",9.0,9.0,8.87,8.88,"1,276"
9,107/04/18,"2,194,633",8.88,9.0,8.88,8.89,750
10,107/04/19,"2,187,546",8.89,9.0,8.89,9.0,882
11,107/04/20,"1,916,000",9.02,9.03,8.92,8.92,472
12,107/04/23,"5,175,630",8.86,8.88,8.72,8.73,"1,698"
13,107/04/24,"5,623,101",8.74,8.76,8.54,8.55,"1,746"
14,107/04/25,"8,055,215",8.5,8.95,8.47,8.94,"2,139"
15,107/04/26,"3,303,617",8.86,8.88,8.7,8.71,"1,412"
16,107/04/27,"2,940,141",8.78,8.85,8.68,8.83,"1,370"
17,107/04/30,"1,619,890",8.75,8.83,8.72,8.8,499
0,107/05/02,"2,962,031",8.74,8.76,8.67,8.74,"1,151"
1,107/05/03,"2,985,500",8.66,8.75,8.55,8.55,"1,094"
2,107/05/04,"2,991,016",8.55,8.76,8.55,8.57,916
3,107/05/07,"5,140,355",8.6,8.66,8.53,8.58,"1,053"
4,107/05/08,"2,177,505",8.56,8.65,8.56,8.61,746
5,107/05/09,"2,532,297",8.61,8.66,8.58,8.6,608
6,107/05/10,"2,936,500",8.56,8.61,8.53,8.53,833
7,107/05/11,"10,086,724",8.56,8.85,8.56,8.75,"1,866"
8,107/05/14,"3,497,150",8.75,8.79,8.7,8.71,"1,060"
9,107/05/15,"13,872,568",8.77,8.79,8.15,8.15,"3,835"
10,107/05/16,"24,174,569",8.2,8.26,7.8,7.99,"5,836"
11,107/05/17,"5,510,886",7.99,8.08,7.95,7.99,"1,431"
12,107/05/18,"4,489,429",8.0,8.14,8.0,8.1,"1,237"
13,107/05/21,"6,255,590",8.14,8.27,8.14,8.21,"1,162"
14,107/05/22,"2,838,721",8.29,8.29,8.19,8.21,823
15,107/05/23,"23,640,454",8.25,8.6,8.14,8.3,"4,935"
16,107/05/24,"5,903,804",8.32,8.35,8.27,8.28,"2,227"
17,107/05/25,"9,250,502",8.29,8.3,8.08,8.08,"3,156"
18,107/05/28,"7,414,624",8.1,8.15,8.0,8.01,"2,782"
19,107/05/29,"29,508,464",8.2,8.76,8.18,8.47,"6,792"
20,107/05/30,"14,319,023",8.47,8.57,8.33,8.33,"4,363"
0,107/06/01,"26,001,990",8.16,8.34,8.15,8.17,"6,348"
1,107/06/04,"21,397,705",8.18,8.58,8.18,8.43,"5,733"
2,107/06/05,"14,816,518",8.37,8.42,8.3,8.41,"5,021"
